download,upload,ping
32689324.534034822,37213717.43072827,90.119
53318654.93380687,10683561.067059956,60.879
57736213.79740234,9868125.016931223,57.798
